,loss,val_loss,lr
0,8755.3642578125,6212.4169921875,0.004999999888241291
1,5885.4091796875,4670.68798828125,0.004999999888241291
