,loss,val_loss,lr
0,10970.73046875,5735.56591796875,0.0010000000474974513
1,5686.50830078125,4380.7666015625,0.0010000000474974513
