,loss,val_loss,lr
0,,,0.004999999888241291
1,,,0.004999999888241291
