,loss,val_loss,lr
0,31.639291763305664,13.156477928161621,0.0010000000474974513
1,20.311077117919922,6.045428276062012,0.0010000000474974513
